locationid,site,room,publicaccess,description,unitposition
3591,East Building,EBL,1,East Bldg Lawn,
3592,East Building,EBL,1,East Bldg Lawn,E
3593,East Building,EBL,1,East Bldg Lawn,S
3594,East Building,EBL,1,East Bldg Lawn,W
4459,West Building,G-001-A,1,West Ground Floor Gallery 1A,
4460,West Building,G-001-A,1,West Ground Floor Gallery 1A,E
4461,West Building,G-001-A,1,West Ground Floor Gallery 1A,W
4462,West Building,G-001-B,1,West Ground Floor Gallery 1B,
4463,West Building,G-001-B,1,West Ground Floor Gallery 1B,E
4464,West Building,G-001-B,1,West Ground Floor Gallery 1B,W
4465,West Building,G-001-C,1,West Ground Floor Gallery 1C,
4466,West Building,G-001-C,1,West Ground Floor Gallery 1C,E
4467,West Building,G-001-C,1,West Ground Floor Gallery 1C,W
4468,West Building,G-002,1,West Ground Floor Gallery 2,
4469,West Building,G-002,1,West Ground Floor Gallery 2,E
4470,West Building,G-002,1,West Ground Floor Gallery 2,N
4471,West Building,G-002,1,West Ground Floor Gallery 2,S
4472,West Building,G-002,1,West Ground Floor Gallery 2,W
4473,West Building,G-003,1,West Ground Floor Gallery 3,
4474,West Building,G-003,1,West Ground Floor Gallery 3,E
4475,West Building,G-003,1,West Ground Floor Gallery 3,N
4476,West Building,G-003,1,West Ground Floor Gallery 3,W
4478,West Building,G-004,1,West Ground Floor Gallery 4,
4479,West Building,G-004,1,West Ground Floor Gallery 4,E
4480,West Building,G-004,1,West Ground Floor Gallery 4,S
4481,West Building,G-005,1,West Ground Floor Gallery 5,
4482,West Building,G-005,1,West Ground Floor Gallery 5,E
4483,West Building,G-005,1,West Ground Floor Gallery 5,N
4484,West Building,G-005,1,West Ground Floor Gallery 5,W
4485,West Building,G-006,1,West Ground Floor Gallery 6,
4486,West Building,G-006,1,West Ground Floor Gallery 6,E
4487,West Building,G-006,1,West Ground Floor Gallery 6,N
4488,West Building,G-006,1,West Ground Floor Gallery 6,S
4489,West Building,G-006,1,West Ground Floor Gallery 6,W
4490,West Building,G-007,1,West Ground Floor Gallery 7,
4491,West Building,G-007,1,West Ground Floor Gallery 7,E
4492,West Building,G-007,1,West Ground Floor Gallery 7,W
4493,West Building,G-008,1,West Ground Floor Gallery 8,
4494,West Building,G-008,1,West Ground Floor Gallery 8,E
4495,West Building,G-008,1,West Ground Floor Gallery 8,W
4496,West Building,G-009,1,West Ground Floor Gallery 9,
4497,West Building,G-009,1,West Ground Floor Gallery 9,E
4498,West Building,G-009,1,West Ground Floor Gallery 9,N
4499,West Building,G-009,1,West Ground Floor Gallery 9,S
4500,West Building,G-009,1,West Ground Floor Gallery 9,W
4501,West Building,G-010,1,West Ground Floor Gallery 10,
4502,West Building,G-010,1,West Ground Floor Gallery 10,E
4503,West Building,G-010,1,West Ground Floor Gallery 10,N
4504,West Building,G-010,1,West Ground Floor Gallery 10,S
4505,West Building,G-010,1,West Ground Floor Gallery 10,W
4506,West Building,G-011,1,West Ground Floor Gallery 11,
4507,West Building,G-011,1,West Ground Floor Gallery 11,E
4508,West Building,G-011,1,West Ground Floor Gallery 11,N
4509,West Building,G-011,1,West Ground Floor Gallery 11,S
4510,West Building,G-011,1,West Ground Floor Gallery 11,W
4511,West Building,G-011-A,1,West Ground Floor Gallery 11A,
4512,West Building,G-011-A,1,West Ground Floor Gallery 11A,E
4513,West Building,G-011-A,1,West Ground Floor Gallery 11A,N
4514,West Building,G-011-A,1,West Ground Floor Gallery 11A,S
4515,West Building,G-011-A,1,West Ground Floor Gallery 11A,W
4516,West Building,G-012,1,West Ground Floor Gallery 12,
4517,West Building,G-012,1,West Ground Floor Gallery 12,E
4518,West Building,G-012,1,West Ground Floor Gallery 12,N
4519,West Building,G-012,1,West Ground Floor Gallery 12,S
4520,West Building,G-012,1,West Ground Floor Gallery 12,W
4521,West Building,G-013,1,West Ground Floor Gallery 13,
4522,West Building,G-013,1,West Ground Floor Gallery 13,E
4523,West Building,G-013,1,West Ground Floor Gallery 13,N
4524,West Building,G-013,1,West Ground Floor Gallery 13,S
4525,West Building,G-013,1,West Ground Floor Gallery 13,W
4766,West Building,G-013-A,1,West Ground Floor Gallery 13A,
4767,West Building,G-013-A,1,West Ground Floor Gallery 13A,E
4768,West Building,G-013-A,1,West Ground Floor Gallery 13A,N
4769,West Building,G-013-A,1,West Ground Floor Gallery 13A,S
4770,West Building,G-013-A,1,West Ground Floor Gallery 13A,W
4784,West Building,G-014,1,West Ground Floor Gallery 14,
4785,West Building,G-014,1,West Ground Floor Gallery 14,E
4786,West Building,G-014,1,West Ground Floor Gallery 14,N
4787,West Building,G-014,1,West Ground Floor Gallery 14,S
4788,West Building,G-014,1,West Ground Floor Gallery 14,W
5605,West Building,G-015,1,West Ground Floor Gallery 15,
5606,West Building,G-015,1,West Ground Floor Gallery 15,E
5607,West Building,G-015,1,West Ground Floor Gallery 15,N
5608,West Building,G-015,1,West Ground Floor Gallery 15,S
5609,West Building,G-015,1,West Ground Floor Gallery 15,W
5610,West Building,G-016,1,West Ground Floor Gallery 16,
5611,West Building,G-017,1,West Ground Floor Gallery 17,
5612,West Building,G-017,1,West Ground Floor Gallery 17,E
5613,West Building,G-017,1,West Ground Floor Gallery 17,N
5614,West Building,G-017,1,West Ground Floor Gallery 17,S
5615,West Building,G-017,1,West Ground Floor Gallery 17,W
5642,West Building,G-018,1,West Ground Floor Gallery 18,
5643,West Building,G-018,1,West Ground Floor Gallery 18,E
5644,West Building,G-018,1,West Ground Floor Gallery 18,W
5645,West Building,G-019,1,West Ground Floor Gallery 19,
5646,West Building,G-019,1,West Ground Floor Gallery 19,E
5647,West Building,G-019,1,West Ground Floor Gallery 19,N
5648,West Building,G-019,1,West Ground Floor Gallery 19,S
5649,West Building,G-019,1,West Ground Floor Gallery 19,W
6641,West Building,G-035,1,West Ground Floor Gallery 35,
6642,West Building,G-036,1,West Ground Floor Gallery 36,
6643,West Building,G-036,1,West Ground Floor Gallery 36,E
6644,West Building,G-036,1,West Ground Floor Gallery 36,W
6645,West Building,G-037,1,West Ground Floor Gallery 37,
6646,West Building,G-037,1,West Ground Floor Gallery 37,E
6647,West Building,G-037,1,West Ground Floor Gallery 37,N
6648,West Building,G-037,1,West Ground Floor Gallery 37,S
6649,West Building,G-039,1,West Ground Floor Gallery 39,
6650,West Building,G-039,1,West Ground Floor Gallery 39,E
6651,West Building,G-039,1,West Ground Floor Gallery 39,N
6652,West Building,G-039,1,West Ground Floor Gallery 39,S
6653,West Building,G-039,1,West Ground Floor Gallery 39,W
6655,West Building,G-041,1,West Ground Floor Gallery 41,
6656,West Building,G-041,1,West Ground Floor Gallery 41,E
6657,West Building,G-041,1,West Ground Floor Gallery 41,N
6658,West Building,G-041,1,West Ground Floor Gallery 41,S
6659,West Building,G-041,1,West Ground Floor Gallery 41,W
6661,West Building,G-042-A,1,West Ground Floor Gallery 42A,
6662,West Building,G-042-A,1,West Ground Floor Gallery 42A,E
6663,West Building,G-042-A,1,West Ground Floor Gallery 42A,N
6664,West Building,G-042-A,1,West Ground Floor Gallery 42A,S
6665,West Building,G-042-A,1,West Ground Floor Gallery 42A,W
6666,West Building,G-042-B,1,West Ground Floor Gallery 42B,
6667,West Building,G-042-B,1,West Ground Floor Gallery 42B,E
6668,West Building,G-042-B,1,West Ground Floor Gallery 42B,N
6669,West Building,G-042-B,1,West Ground Floor Gallery 42B,S
6670,West Building,G-042-B,1,West Ground Floor Gallery 42B,W
6671,West Building,G-042-C,1,West Ground Floor Gallery 42C,
6672,West Building,G-042-C,1,West Ground Floor Gallery 42C,E
6673,West Building,G-042-C,1,West Ground Floor Gallery 42C,N
6674,West Building,G-042-C,1,West Ground Floor Gallery 42C,S
6675,West Building,G-042-C,1,West Ground Floor Gallery 42C,W
6676,West Building,G-042-D,1,West Ground Floor Gallery 42D,
6677,West Building,G-042-D,1,West Ground Floor Gallery 42D,E
6678,West Building,G-042-D,1,West Ground Floor Gallery 42D,N
6679,West Building,G-042-D,1,West Ground Floor Gallery 42D,S
6680,West Building,G-042-D,1,West Ground Floor Gallery 42D,W
6681,West Building,G-043,1,West Ground Floor Gallery 43,
6682,West Building,G-043,1,West Ground Floor Gallery 43,E
6683,West Building,G-043,1,West Ground Floor Gallery 43,N
6684,West Building,G-043,1,West Ground Floor Gallery 43,S
6685,West Building,G-043,1,West Ground Floor Gallery 43,W
6686,West Building,G-044,1,West Bldg Garden Cafe,
6687,West Building,G-044,1,West Bldg Garden Cafe,E
6688,West Building,G-044,1,West Bldg Garden Cafe,W
7909,West Building,G-134,1,Fourth St Hallway,
7910,West Building,G-134,1,Fourth St Hallway,N
7911,West Building,G-134,1,Fourth St Hallway,W
7914,West Building,G-138-A,1,West Ground Floor Gallery 138A,
7915,West Building,G-138-A,1,Fourth St Elevator Lobby,E
8191,West Building,M-001,1,West Main Floor Gallery 1,
8192,West Building,M-001,1,West Main Floor Gallery 1,E
8193,West Building,M-001,1,West Main Floor Gallery 1,N
8194,West Building,M-001,1,West Main Floor Gallery 1,S
8195,West Building,M-001,1,West Main Floor Gallery 1,W
8196,West Building,M-002,1,West Main Floor Gallery 2,
8197,West Building,M-002,1,West Main Floor Gallery 2,E
8198,West Building,M-002,1,West Main Floor Gallery 2,N
8199,West Building,M-002,1,West Main Floor Gallery 2,S
8200,West Building,M-002,1,West Main Floor Gallery 2,W
8201,West Building,M-003,1,West Main Floor Gallery 3,
8202,West Building,M-003,1,West Main Floor Gallery 3,E
8203,West Building,M-003,1,West Main Floor Gallery 3,N
8204,West Building,M-003,1,West Main Floor Gallery 3,S
8205,West Building,M-003,1,West Main Floor Gallery 3,W
8206,West Building,M-004,1,West Main Floor Gallery 4,
8207,West Building,M-004,1,West Main Floor Gallery 4,E
8208,West Building,M-004,1,West Main Floor Gallery 4,N
8209,West Building,M-004,1,West Main Floor Gallery 4,S
8210,West Building,M-004,1,West Main Floor Gallery 4,W
8211,West Building,M-005,1,West Main Floor Gallery 5,
8212,West Building,M-005,1,West Main Floor Gallery 5,E
8213,West Building,M-005,1,West Main Floor Gallery 5,N
8214,West Building,M-005,1,West Main Floor Gallery 5,S
8215,West Building,M-005,1,West Main Floor Gallery 5,W
8216,West Building,M-006,1,West Main Floor Gallery 6,
8217,West Building,M-006,1,West Main Floor Gallery 6,E
8218,West Building,M-006,1,West Main Floor Gallery 6,N
8219,West Building,M-006,1,West Main Floor Gallery 6,S
8220,West Building,M-006,1,West Main Floor Gallery 6,W
8221,West Building,M-007,1,West Main Floor Gallery 7,
8222,West Building,M-007,1,West Main Floor Gallery 7,E
8223,West Building,M-007,1,West Main Floor Gallery 7,N
8224,West Building,M-007,1,West Main Floor Gallery 7,S
8225,West Building,M-007,1,West Main Floor Gallery 7,W
8226,West Building,M-008,1,West Main Floor Gallery 8,
8227,West Building,M-008,1,West Main Floor Gallery 8,E
8228,West Building,M-008,1,West Main Floor Gallery 8,N
8229,West Building,M-008,1,West Main Floor Gallery 8,S
8230,West Building,M-008,1,West Main Floor Gallery 8,W
8231,West Building,M-009,1,West Main Floor Gallery 9,
8232,West Building,M-009,1,West Main Floor Gallery 9,E
8233,West Building,M-009,1,West Main Floor Gallery 9,N
8234,West Building,M-009,1,West Main Floor Gallery 9,S
8235,West Building,M-009,1,West Main Floor Gallery 9,W
8236,West Building,M-010,1,West Main Floor Gallery 10,
8237,West Building,M-010,1,West Main Floor Gallery 10,E
8238,West Building,M-010,1,West Main Floor Gallery 10,N
8239,West Building,M-010,1,West Main Floor Gallery 10,S
8240,West Building,M-010,1,West Main Floor Gallery 10,W
8241,West Building,M-011,1,West Main Floor Gallery 11,
8242,West Building,M-011,1,West Main Floor Gallery 11,E
8243,West Building,M-011,1,West Main Floor Gallery 11,N
8244,West Building,M-011,1,West Main Floor Gallery 11,S
8245,West Building,M-011,1,West Main Floor Gallery 11,W
8246,West Building,M-012,1,West Main Floor Gallery 12,
8247,West Building,M-012,1,West Main Floor Gallery 12,E
8248,West Building,M-012,1,West Main Floor Gallery 12,N
8249,West Building,M-012,1,West Main Floor Gallery 12,W
8250,West Building,M-013,1,West Main Floor Gallery 13,
8251,West Building,M-013,1,West Main Floor Gallery 13,E
8252,West Building,M-013,1,West Main Floor Gallery 13,N
8253,West Building,M-013,1,West Main Floor Gallery 13,S
8254,West Building,M-013,1,West Main Floor Gallery 13,W
8270,West Building,M-017,1,West Main Floor Gallery 17,
8271,West Building,M-017,1,West Main Floor Gallery 17,E
8272,West Building,M-017,1,West Main Floor Gallery 17,N
8273,West Building,M-017,1,West Main Floor Gallery 17,S
8274,West Building,M-017,1,West Main Floor Gallery 17,W
8275,West Building,M-018,1,West Main Floor Gallery 18,
8276,West Building,M-018,1,West Main Floor Gallery 18,E
8277,West Building,M-018,1,West Main Floor Gallery 18,N
8278,West Building,M-018,1,West Main Floor Gallery 18,S
8279,West Building,M-018,1,West Main Floor Gallery 18,W
8280,West Building,M-019,1,West Main Floor Gallery 19,
8281,West Building,M-019,1,West Main Floor Gallery 19,E
8282,West Building,M-019,1,West Main Floor Gallery 19,N
8283,West Building,M-019,1,West Main Floor Gallery 19,S
8284,West Building,M-019,1,West Main Floor Gallery 19,W
8285,West Building,M-020,1,West Main Floor Gallery 20,
8286,West Building,M-020,1,West Main Floor Gallery 20,E
8287,West Building,M-020,1,West Main Floor Gallery 20,N
8288,West Building,M-020,1,West Main Floor Gallery 20,S
8289,West Building,M-020,1,West Main Floor Gallery 20,W
8290,West Building,M-021,1,West Main Floor Gallery 21,
8291,West Building,M-021,1,West Main Floor Gallery 21,E
8292,West Building,M-021,1,West Main Floor Gallery 21,N
8293,West Building,M-021,1,West Main Floor Gallery 21,S
8294,West Building,M-021,1,West Main Floor Gallery 21,W
8295,West Building,M-022,1,West Main Floor Gallery 22,
8296,West Building,M-022,1,West Main Floor Gallery 22,E
8297,West Building,M-022,1,West Main Floor Gallery 22,N
8298,West Building,M-022,1,West Main Floor Gallery 22,S
8299,West Building,M-022,1,West Main Floor Gallery 22,W
8301,West Building,M-023,1,West Main Floor Gallery 23,
8302,West Building,M-023,1,West Main Floor Gallery 23,E
8303,West Building,M-023,1,West Main Floor Gallery 23,N
8304,West Building,M-023,1,West Main Floor Gallery 23,S
8305,West Building,M-023,1,West Main Floor Gallery 23,W
8306,West Building,M-024,1,West Main Floor Gallery 24,
8307,West Building,M-024,1,West Main Floor Gallery 24,E
8308,West Building,M-024,1,West Main Floor Gallery 24,N
8309,West Building,M-024,1,West Main Floor Gallery 24,S
8310,West Building,M-024,1,West Main Floor Gallery 24,W
8311,West Building,M-025,1,West Main Floor Gallery 25,
8312,West Building,M-025,1,West Main Floor Gallery 25,E
8313,West Building,M-025,1,West Main Floor Gallery 25,N
8314,West Building,M-025,1,West Main Floor Gallery 25,S
8315,West Building,M-025,1,West Main Floor Gallery 25,W
8316,West Building,M-026,1,West Main Floor Gallery 26,
8317,West Building,M-026,1,West Main Floor Gallery 26,E
8318,West Building,M-026,1,West Main Floor Gallery 26,N
8319,West Building,M-026,1,West Main Floor Gallery 26,S
8320,West Building,M-026,1,West Main Floor Gallery 26,W
8321,West Building,M-027,1,West Main Floor Gallery 27,
8322,West Building,M-027,1,West Main Floor Gallery 27,E
8323,West Building,M-027,1,West Main Floor Gallery 27,N
8324,West Building,M-027,1,West Main Floor Gallery 27,S
8325,West Building,M-027,1,West Main Floor Gallery 27,W
8326,West Building,M-028,1,West Main Floor Gallery 28,
8327,West Building,M-028,1,West Main Floor Gallery 28,E
8328,West Building,M-028,1,West Main Floor Gallery 28,N
8329,West Building,M-028,1,West Main Floor Gallery 28,S
8330,West Building,M-028,1,West Main Floor Gallery 28,W
8331,West Building,M-029,1,West Main Floor Gallery 29,
8332,West Building,M-029,1,West Main Floor Gallery 29,E
8333,West Building,M-029,1,West Main Floor Gallery 29,N
8334,West Building,M-029,1,West Main Floor Gallery 29,S
8335,West Building,M-029,1,West Main Floor Gallery 29,W
8336,West Building,M-030,1,West Main Floor Gallery 30,
8337,West Building,M-030,1,West Main Floor Gallery 30,E
8338,West Building,M-030,1,West Main Floor Gallery 30,N
8339,West Building,M-030,1,West Main Floor Gallery 30,S
8340,West Building,M-030,1,West Main Floor Gallery 30,W
8341,West Building,M-031,1,West Main Floor Gallery 31,
8342,West Building,M-031,1,West Main Floor Gallery 31,E
8343,West Building,M-031,1,West Main Floor Gallery 31,N
8344,West Building,M-031,1,West Main Floor Gallery 31,S
8345,West Building,M-031,1,West Main Floor Gallery 31,W
8346,West Building,M-032,1,West Main Floor Gallery 32,
8347,West Building,M-032,1,West Main Floor Gallery 32,E
8348,West Building,M-032,1,West Main Floor Gallery 32,N
8349,West Building,M-032,1,West Main Floor Gallery 32,S
8350,West Building,M-032,1,West Main Floor Gallery 32,W
8351,West Building,M-033,1,West Main Floor Gallery 33,
8352,West Building,M-033,1,West Main Floor Gallery 33,E
8353,West Building,M-033,1,West Main Floor Gallery 33,N
8354,West Building,M-033,1,West Main Floor Gallery 33,S
8355,West Building,M-033,1,West Main Floor Gallery 33,W
8356,West Building,M-034,1,West Main Floor Gallery 34,
8357,West Building,M-034,1,West Main Floor Gallery 34,E
8358,West Building,M-034,1,West Main Floor Gallery 34,N
8359,West Building,M-034,1,West Main Floor Gallery 34,S
8360,West Building,M-034,1,West Main Floor Gallery 34,W
8361,West Building,M-035,1,West Main Floor Gallery 35,
8362,West Building,M-035,1,West Main Floor Gallery 35,E
8363,West Building,M-035,1,West Main Floor Gallery 35,N
8364,West Building,M-035,1,West Main Floor Gallery 35,S
8365,West Building,M-035,1,West Main Floor Gallery 35,W
8366,West Building,M-035-A,1,West Main Floor Gallery 35 A,
8367,West Building,M-035-A,1,West Main Floor Gallery 35 A,E
8368,West Building,M-035-A,1,West Main Floor Gallery 35 A,N
8369,West Building,M-035-A,1,West Main Floor Gallery 35 A,S
8370,West Building,M-035-A,1,West Main Floor Gallery 35 A,W
8371,West Building,M-036,1,West Main Floor Gallery 36,
8372,West Building,M-036,1,West Main Floor Gallery 36,E
8373,West Building,M-036,1,West Main Floor Gallery 36,N
8374,West Building,M-036,1,West Main Floor Gallery 36,S
8375,West Building,M-036,1,West Main Floor Gallery 36,W
8376,West Building,M-037,1,West Main Floor Gallery 37,
8377,West Building,M-037,1,West Main Floor Gallery 37,E
8378,West Building,M-037,1,West Main Floor Gallery 37,N
8379,West Building,M-037,1,West Main Floor Gallery 37,S
8380,West Building,M-037,1,West Main Floor Gallery 37,W
8381,West Building,M-038,1,West Main Floor Gallery 38,
8382,West Building,M-038,1,West Main Floor Gallery 38,E
8383,West Building,M-038,1,West Main Floor Gallery 38,N
8384,West Building,M-038,1,West Main Floor Gallery 38,S
8385,West Building,M-038,1,West Main Floor Gallery 38,W
8386,West Building,M-039,1,West Main Floor Gallery 39,
8387,West Building,M-039,1,West Main Floor Gallery 39,E
8388,West Building,M-039,1,West Main Floor Gallery 39,N
8389,West Building,M-039,1,West Main Floor Gallery 39,S
8390,West Building,M-039,1,West Main Floor Gallery 39,W
8391,West Building,M-040,1,West Main Floor Gallery 40,
8392,West Building,M-040,1,West Main Floor Gallery 40,E
8393,West Building,M-040,1,West Main Floor Gallery 40,N
8394,West Building,M-040,1,West Main Floor Gallery 40,S
8395,West Building,M-040,1,West Main Floor Gallery 40,W
8396,West Building,M-041,1,West Main Floor Gallery 41,
8397,West Building,M-041,1,West Main Floor Gallery 41,E
8398,West Building,M-041,1,West Main Floor Gallery 41,N
8399,West Building,M-041,1,West Main Floor Gallery 41,S
8400,West Building,M-041,1,West Main Floor Gallery 41,W
8401,West Building,M-041-A,1,West Main Floor Gallery 41 A,
8402,West Building,M-041-A,1,West Main Floor Gallery 41 A,E
8403,West Building,M-041-A,1,West Main Floor Gallery 41 A,N
8404,West Building,M-041-A,1,West Main Floor Gallery 41 A,S
8405,West Building,M-041-A,1,West Main Floor Gallery 41 A,W
8406,West Building,M-042,1,West Main Floor Gallery 42,
8407,West Building,M-042,1,West Main Floor Gallery 42,E
8408,West Building,M-042,1,West Main Floor Gallery 42,N
8409,West Building,M-042,1,West Main Floor Gallery 42,S
8410,West Building,M-042,1,West Main Floor Gallery 42,W
8411,West Building,M-043,1,West Main Floor Gallery 43,
8412,West Building,M-043,1,West Main Floor Gallery 43,E
8413,West Building,M-043,1,West Main Floor Gallery 43,N
8414,West Building,M-043,1,West Main Floor Gallery 43,S
8415,West Building,M-043,1,West Main Floor Gallery 43,W
8416,West Building,M-044,1,West Main Floor Gallery 44,
8417,West Building,M-044,1,West Main Floor Gallery 44,E
8418,West Building,M-044,1,West Main Floor Gallery 44,S
8419,West Building,M-044,1,West Main Floor Gallery 44,W
8420,West Building,M-045,1,West Main Floor Gallery 45,
8421,West Building,M-045,1,West Main Floor Gallery 45,E
8422,West Building,M-045,1,West Main Floor Gallery 45,N
8423,West Building,M-045,1,West Main Floor Gallery 45,S
8424,West Building,M-045,1,West Main Floor Gallery 45,W
8425,West Building,M-046,1,West Main Floor Gallery 46,
8426,West Building,M-046,1,West Main Floor Gallery 46,E
8427,West Building,M-046,1,West Main Floor Gallery 46,N
8428,West Building,M-046,1,West Main Floor Gallery 46,S
8429,West Building,M-046,1,West Main Floor Gallery 46,W
8430,West Building,M-047,1,West Main Floor Gallery 47,
8431,West Building,M-047,1,West Main Floor Gallery 47,E
8432,West Building,M-047,1,West Main Floor Gallery 47,N
8433,West Building,M-047,1,West Main Floor Gallery 47,S
8434,West Building,M-047,1,West Main Floor Gallery 47,W
8435,West Building,M-048,1,West Main Floor Gallery 48,
8436,West Building,M-048,1,West Main Floor Gallery 48,E
8437,West Building,M-048,1,West Main Floor Gallery 48,N
8438,West Building,M-048,1,West Main Floor Gallery 48,S
8439,West Building,M-048,1,West Main Floor Gallery 48,W
8440,West Building,M-049,1,West Main Floor Gallery 49,
8441,West Building,M-049,1,West Main Floor Gallery 49,E
8442,West Building,M-049,1,West Main Floor Gallery 49,N
8443,West Building,M-049,1,West Main Floor Gallery 49,S
8444,West Building,M-049,1,West Main Floor Gallery 49,W
8445,West Building,M-050,1,West Main Floor Gallery 50,
8446,West Building,M-050,1,West Main Floor Gallery 50,E
8447,West Building,M-050,1,West Main Floor Gallery 50,N
8448,West Building,M-050,1,West Main Floor Gallery 50,S
8449,West Building,M-050,1,West Main Floor Gallery 50,W
8465,West Building,M-051,1,West Main Floor Gallery 51,
8466,West Building,M-051,1,West Main Floor Gallery 51,E
8467,West Building,M-051,1,West Main Floor Gallery 51,N
8468,West Building,M-051,1,West Main Floor Gallery 51,S
8469,West Building,M-051,1,West Main Floor Gallery 51,W
8470,West Building,M-052,1,West Main Floor Gallery 52,
8471,West Building,M-052,1,West Main Floor Gallery 52,E
8472,West Building,M-052,1,West Main Floor Gallery 52,N
8473,West Building,M-052,1,West Main Floor Gallery 52,S
8474,West Building,M-052,1,West Main Floor Gallery 52,W
8475,West Building,M-053,1,West Main Floor Gallery 53,
8476,West Building,M-053,1,West Main Floor Gallery 53,E
8477,West Building,M-053,1,West Main Floor Gallery 53,N
8478,West Building,M-053,1,West Main Floor Gallery 53,S
8479,West Building,M-053,1,West Main Floor Gallery 53,W
8494,West Building,M-054,1,West Main Floor Gallery 54,
8495,West Building,M-054,1,West Main Floor Gallery 54,E
8496,West Building,M-054,1,West Main Floor Gallery 54,N
8497,West Building,M-054,1,West Main Floor Gallery 54,S
8498,West Building,M-054,1,West Main Floor Gallery 54,W
8501,West Building,M-055,1,West Main Floor Gallery 55,
8502,West Building,M-055,1,West Main Floor Gallery 55,E
8503,West Building,M-055,1,West Main Floor Gallery 55,N
8504,West Building,M-055,1,West Main Floor Gallery 55,S
8505,West Building,M-055,1,West Main Floor Gallery 55,W
8506,West Building,M-056,1,West Main Floor Gallery 56,
8507,West Building,M-056,1,West Main Floor Gallery 56,E
8508,West Building,M-056,1,West Main Floor Gallery 56,N
8509,West Building,M-056,1,West Main Floor Gallery 56,S
8510,West Building,M-056,1,West Main Floor Gallery 56,W
8511,West Building,M-057,1,West Main Floor Gallery 57,
8512,West Building,M-057,1,West Main Floor Gallery 57,E
8513,West Building,M-057,1,West Main Floor Gallery 57,N
8514,West Building,M-057,1,West Main Floor Gallery 57,S
8515,West Building,M-057,1,West Main Floor Gallery 57,W
8516,West Building,M-058,1,West Main Floor Gallery 58,
8517,West Building,M-058,1,West Main Floor Gallery 58,E
8518,West Building,M-058,1,West Main Floor Gallery 58,N
8519,West Building,M-058,1,West Main Floor Gallery 58,S
8520,West Building,M-058,1,West Main Floor Gallery 58,W
8521,West Building,M-059,1,West Main Floor Gallery 59,
8522,West Building,M-059,1,West Main Floor Gallery 59,E
8523,West Building,M-059,1,West Main Floor Gallery 59,N
8524,West Building,M-059,1,West Main Floor Gallery 59,S
8525,West Building,M-059,1,West Main Floor Gallery 59,W
8526,West Building,M-060,1,West Main Floor Gallery 60,
8527,West Building,M-060,1,West Main Floor Gallery 60,E
8528,West Building,M-060,1,West Main Floor Gallery 60,N
8529,West Building,M-060,1,West Main Floor Gallery 60,S
8530,West Building,M-060,1,West Main Floor Gallery 60,W
8531,West Building,M-060-A,1,West Main Floor Gallery 60 A,
8532,West Building,M-060-A,1,West Main Floor Gallery 60 A,E
8533,West Building,M-060-A,1,West Main Floor Gallery 60 A,N
8534,West Building,M-060-A,1,West Main Floor Gallery 60 A,S
8535,West Building,M-060-A,1,West Main Floor Gallery 60 A,W
8536,West Building,M-060-B,1,West Main Floor Gallery 60 B,
8537,West Building,M-060-B,1,West Main Floor Gallery 60 B,E
8538,West Building,M-060-B,1,West Main Floor Gallery 60 B,N
8539,West Building,M-060-B,1,West Main Floor Gallery 60 B,S
8540,West Building,M-060-B,1,West Main Floor Gallery 60 B,W
8541,West Building,M-061,1,West Main Floor Gallery 61,
8542,West Building,M-061,1,West Main Floor Gallery 61,E
8543,West Building,M-061,1,West Main Floor Gallery 61,N
8544,West Building,M-061,1,West Main Floor Gallery 61,S
8545,West Building,M-061,1,West Main Floor Gallery 61,W
8546,West Building,M-062,1,West Main Floor Gallery 62,
8547,West Building,M-062,1,West Main Floor Gallery 62,E
8548,West Building,M-062,1,West Main Floor Gallery 62,N
8549,West Building,M-062,1,West Main Floor Gallery 62,S
8550,West Building,M-062,1,West Main Floor Gallery 62,W
8551,West Building,M-063,1,West Main Floor Gallery 63,
8552,West Building,M-063,1,West Main Floor Gallery 63,E
8553,West Building,M-063,1,West Main Floor Gallery 63,N
8554,West Building,M-063,1,West Main Floor Gallery 63,S
8555,West Building,M-063,1,West Main Floor Gallery 63,W
8556,West Building,M-064,1,West Main Floor Gallery 64,
8557,West Building,M-064,1,West Main Floor Gallery 64,E
8558,West Building,M-064,1,West Main Floor Gallery 64,N
8559,West Building,M-064,1,West Main Floor Gallery 64,S
8560,West Building,M-064,1,West Main Floor Gallery 64,W
8561,West Building,M-065,1,West Main Floor Gallery 65,
8562,West Building,M-065,1,West Main Floor Gallery 65,E
8563,West Building,M-065,1,West Main Floor Gallery 65,N
8564,West Building,M-065,1,West Main Floor Gallery 65,S
8565,West Building,M-065,1,West Main Floor Gallery 65,W
8567,West Building,M-066,1,West Main Floor Gallery 66,
8568,West Building,M-066,1,West Main Floor Gallery 66,E
8569,West Building,M-066,1,West Main Floor Gallery 66,N
8570,West Building,M-066,1,West Main Floor Gallery 66,S
8571,West Building,M-066,1,West Main Floor Gallery 66,W
8573,West Building,M-067,1,West Main Floor Gallery 67,
8574,West Building,M-067,1,West Main Floor Gallery 67,E
8575,West Building,M-067,1,West Main Floor Gallery 67,N
8576,West Building,M-067,1,West Main Floor Gallery 67,S
8577,West Building,M-067,1,West Main Floor Gallery 67,W
8578,West Building,M-068,1,West Main Floor Gallery 68,
8579,West Building,M-068,1,West Main Floor Gallery 68,E
8580,West Building,M-068,1,West Main Floor Gallery 68,N
8581,West Building,M-068,1,West Main Floor Gallery 68,S
8582,West Building,M-068,1,West Main Floor Gallery 68,W
8583,West Building,M-069,1,West Main Floor Gallery 69,
8584,West Building,M-069,1,West Main Floor Gallery 69,E
8585,West Building,M-069,1,West Main Floor Gallery 69,N
8586,West Building,M-069,1,West Main Floor Gallery 69,S
8587,West Building,M-069,1,West Main Floor Gallery 69,W
8593,West Building,M-070,1,West Main Floor Gallery 70,
8594,West Building,M-070,1,West Main Floor Gallery 70,E
8595,West Building,M-070,1,West Main Floor Gallery 70,N
8596,West Building,M-070,1,West Main Floor Gallery 70,S
8597,West Building,M-070,1,West Main Floor Gallery 70,W
8598,West Building,M-071,1,West Main Floor Gallery 71,
8599,West Building,M-071,1,West Main Floor Gallery 71,E
8600,West Building,M-071,1,West Main Floor Gallery 71,N
8601,West Building,M-071,1,West Main Floor Gallery 71,S
8602,West Building,M-071,1,West Main Floor Gallery 71,W
8653,West Building,M-080,1,West Main Floor Gallery 80,
8654,West Building,M-080,1,West Main Floor Gallery 80,E
8655,West Building,M-080,1,West Main Floor Gallery 80,N
8656,West Building,M-080,1,West Main Floor Gallery 80,S
8657,West Building,M-080,1,West Main Floor Gallery 80,W
8658,West Building,M-081,1,West Main Floor Gallery 81,
8659,West Building,M-081,1,West Main Floor Gallery 81,E
8660,West Building,M-081,1,West Main Floor Gallery 81,N
8661,West Building,M-081,1,West Main Floor Gallery 81,S
8662,West Building,M-081,1,West Main Floor Gallery 81,W
8668,West Building,M-083,1,West Main Floor Gallery 83,
8669,West Building,M-083,1,West Main Floor Gallery 83,E
8670,West Building,M-083,1,West Main Floor Gallery 83,N
8671,West Building,M-083,1,West Main Floor Gallery 83,S
8672,West Building,M-083,1,West Main Floor Gallery 83,W
8673,West Building,M-084,1,West Main Floor Gallery 84,
8674,West Building,M-084,1,West Main Floor Gallery 84,E
8675,West Building,M-084,1,West Main Floor Gallery 84,N
8676,West Building,M-084,1,West Main Floor Gallery 84,S
8677,West Building,M-084,1,West Main Floor Gallery 84,W
8678,West Building,M-085,1,West Main Floor Gallery 85,
8679,West Building,M-085,1,West Main Floor Gallery 85,E
8680,West Building,M-085,1,West Main Floor Gallery 85,N
8681,West Building,M-085,1,West Main Floor Gallery 85,S
8682,West Building,M-085,1,West Main Floor Gallery 85,W
8683,West Building,M-086,1,West Main Floor Gallery 86,
8684,West Building,M-086,1,West Main Floor Gallery 86,E
8685,West Building,M-086,1,West Main Floor Gallery 86,N
8686,West Building,M-086,1,West Main Floor Gallery 86,S
8687,West Building,M-086,1,West Main Floor Gallery 86,W
8688,West Building,M-087,1,West Main Floor Gallery 87,
8689,West Building,M-087,1,West Main Floor Gallery 87,E
8690,West Building,M-087,1,West Main Floor Gallery 87,N
8691,West Building,M-087,1,West Main Floor Gallery 87,S
8692,West Building,M-087,1,West Main Floor Gallery 87,W
8693,West Building,M-088,1,West Main Floor Gallery 88,
8694,West Building,M-088,1,West Main Floor Gallery 88,E
8695,West Building,M-088,1,West Main Floor Gallery 88,N
8696,West Building,M-088,1,West Main Floor Gallery 88,S
8697,West Building,M-088,1,West Main Floor Gallery 88,W
8698,West Building,M-089,1,West Main Floor Gallery 89,
8699,West Building,M-089,1,West Main Floor Gallery 89,E
8700,West Building,M-089,1,West Main Floor Gallery 89,N
8701,West Building,M-089,1,West Main Floor Gallery 89,S
8702,West Building,M-089,1,West Main Floor Gallery 89,W
8703,West Building,M-090,1,West Main Floor Gallery 90,
8704,West Building,M-090,1,West Main Floor Gallery 90,E
8705,West Building,M-090,1,West Main Floor Gallery 90,N
8706,West Building,M-090,1,West Main Floor Gallery 90,S
8707,West Building,M-090,1,West Main Floor Gallery 90,W
8708,West Building,M-091,1,West Main Floor Gallery 91,
8709,West Building,M-091,1,West Main Floor Gallery 91,E
8710,West Building,M-091,1,West Main Floor Gallery 91,N
8711,West Building,M-091,1,West Main Floor Gallery 91,S
8712,West Building,M-091,1,West Main Floor Gallery 91,W
8713,West Building,M-092,1,West Main Floor Gallery 92,
8714,West Building,M-092,1,West Main Floor Gallery 92,E
8715,West Building,M-092,1,West Main Floor Gallery 92,N
8716,West Building,M-092,1,West Main Floor Gallery 92,S
8717,West Building,M-092,1,West Main Floor Gallery 92,W
8718,West Building,M-093,1,West Main Floor Gallery 93,
8719,West Building,M-093,1,West Main Floor Gallery 93,E
8720,West Building,M-093,1,West Main Floor Gallery 93,N
8721,West Building,M-093,1,West Main Floor Gallery 93,S
8722,West Building,M-093,1,West Main Floor Gallery 93,W
8779,West Building,WBL,1,West Bldg Lawn,
8783,West Building,WSG,1,Sculpture Garden,
8786,West Building,G-004,1,West Ground Floor Gallery 4,W
8787,West Building,G-004,1,West Ground Floor Gallery 4,N
8808,West Building,M-107,1,Rotunda,
8809,West Building,M-107,1,Rotunda,N
8810,West Building,M-137,1,"West Bldg, Lobby D",
8811,West Building,M-137,1,"West Bldg, Lobby D",N
8860,West Building,G-001-C,1,West Ground Floor Gallery 1C,N
9012,West Building,G-036,1,West Ground Floor Gallery 36,CENTER
9013,West Building,G-039,1,West Ground Floor Gallery 39,CENTER
9014,West Building,G-041,1,West Ground Floor Gallery 41,CENTER
9015,West Building,G-042-B,1,West Ground Floor Gallery 42B,CENTER
9016,West Building,M-001,1,West Main Floor Gallery 1,CENTER
9017,West Building,M-006,1,West Main Floor Gallery 6,CENTER
9018,West Building,M-022,1,West Main Floor Gallery 22,CENTER
9019,West Building,M-026,1,West Main Floor Gallery 26,CENTER
9020,West Building,M-037,1,West Main Floor Gallery 37,CENTER
9021,West Building,M-039,1,West Main Floor Gallery 39,CENTER
9032,West Building,G-016,1,West Ground Floor Gallery 16,N
9033,West Building,G-016,1,West Ground Floor Gallery 16,E
9034,West Building,G-016,1,West Ground Floor Gallery 16,S
9035,West Building,G-016,1,West Ground Floor Gallery 16,W
9036,West Building,G-018,1,West Ground Floor Gallery 18,N
9037,West Building,G-018,1,West Ground Floor Gallery 18,S
9249,West Building,G-003,1,West Ground Floor Gallery 3,S
9255,West Building,G-004,1,West Ground Floor Gallery 4,CENTER
9258,West Building,G-005,1,West Ground Floor Gallery 5,S
9260,West Building,G-006,1,West Ground Floor Gallery 6,CENTER
9261,West Building,G-007,1,West Ground Floor Gallery 7,CENTER
9270,West Building,G-008,1,West Ground Floor Gallery 8,N
9271,West Building,G-008,1,West Ground Floor Gallery 8,S
9272,West Building,G-008,1,West Ground Floor Gallery 8,CENTER
9273,West Building,G-014,1,West Ground Floor Gallery 14,CENTER
9287,West Building,G-010,1,West Ground Floor Gallery 10,CENTER
9288,West Building,G-011,1,West Ground Floor Gallery 11,CEILING
9289,West Building,G-011,1,West Ground Floor Gallery 11,CENTER
9290,West Building,G-012,1,West Ground Floor Gallery 12,CENTER
9291,West Building,G-012,1,West Ground Floor Gallery 12,CEILING
9314,West Building,G-085,1,"North Lobby, West Stair",
9315,West Building,G-094,1,"North Lobby, East Stair",
9328,West Building,G-043,1,West Ground Floor Gallery 43,EAST BAFFLE
9329,West Building,G-043,1,West Ground Floor Gallery 43,WEST BAFFLE
9332,West Building,G-019,1,West Ground Floor Gallery 19,CENTER
9349,West Building,M-021,1,West Main Floor Gallery 21,CENTER
9350,West Building,M-025,1,West Main Floor Gallery 25,CENTER
9366,West Building,M-138,1,East Stair Lobby,
9411,West Building,M-011,1,West Main Floor Gallery 11,CENTER
9506,West Building,M-052,1,West Main Floor Gallery 52,CENTER
9522,West Building,G-044-A,1,West Bldg Garden Cafe - niche,
9523,West Building,G-044-A,1,West Bldg Garden Cafe - niche,S
9524,West Building,G-042-B,1,West Ground Floor Gallery 42B,BAFFLE
9726,West Building,G-044,1,"West Bldg Garden Cafe, Center Fountain",CENTER FOUNTAIN
9752,West Building,G-003,1,West Ground Floor Gallery 3,CENTER
9795,West Building,G-016,1,West Ground Floor Gallery 16,CENTER
10063,West Building,M-005,1,West Main Floor Gallery 5,CENTER
10138,West Building,M-083,1,West Main Floor Gallery 83,CENTER
10325,West Building,G-042-A,1,West Ground Floor Gallery 42A,Center
10326,West Building,G-042-C,1,West Ground Floor Gallery 42A,CENTER
10327,West Building,G-014,1,West Ground Floor Gallery 14,CEILING
10343,West Building,M-136,1,East Garden Court,
10344,West Building,M-136,1,East Garden Court,CENTER
10345,West Building,M-136,1,East Garden Court,N
10346,West Building,M-136,1,East Garden Court,S
10347,West Building,M-134,1,East Sculpture Hall,
10348,West Building,M-134,1,East Sculpture Hall,CENTER
10349,West Building,M-134,1,East Sculpture Hall,E
10350,West Building,M-134,1,East Sculpture Hall,N
10351,West Building,M-134,1,East Sculpture Hall,S
10352,West Building,M-134,1,East Sculpture Hall,W
10362,West Building,M-103,1,"West Bldg, Lobby A",
10363,West Building,M-103,1,"West Bldg, Lobby A",CENTER
10364,West Building,M-103,1,"West Bldg, Lobby A",E
10365,West Building,M-103,1,"West Bldg, Lobby A",N
10366,West Building,M-103,1,"West Bldg, Lobby A",S
10367,West Building,M-103,1,"West Bldg, Lobby A",W
10368,West Building,M-105,1,"West Bldg, Lobby B",
10369,West Building,M-105,1,"West Bldg, Lobby B",CENTER
10370,West Building,M-105,1,"West Bldg, Lobby B",E
10371,West Building,M-105,1,"West Bldg, Lobby B",N
10372,West Building,M-105,1,"West Bldg, Lobby B",S
10373,West Building,M-105,1,"West Bldg, Lobby B",W
10374,West Building,M-135,1,"West Bldg, Lobby C",
10375,West Building,M-135,1,"West Bldg, Lobby C",N
10376,West Building,M-135,1,"West Bldg, Lobby C",S
10377,West Building,M-135,1,"West Bldg, Lobby C",W
10378,West Building,M-107,1,Rotunda,CENTER
10379,West Building,M-107,1,Rotunda,E
10380,West Building,M-107,1,Rotunda,S
10381,West Building,M-107,1,Rotunda,W
10382,West Building,M-127,1,North Stair Landing East,
10383,West Building,M-127,1,North Stair Landing East,E
10384,West Building,M-121,1,North Stair Landing West,
10385,West Building,M-104,1,West Garden Court,
10386,West Building,M-104,1,West Garden Court,CENTER
10387,West Building,M-104,1,West Garden Court,E
10388,West Building,M-104,1,West Garden Court,N
10389,West Building,M-104,1,West Garden Court,S
10390,West Building,M-104,1,West Garden Court,W
10391,West Building,M-106,1,West Sculpture Hall,
10392,West Building,M-106,1,West Sculpture Hall,CENTER
10393,West Building,M-106,1,West Sculpture Hall,E
10394,West Building,M-106,1,West Sculpture Hall,N
10395,West Building,M-106,1,West Sculpture Hall,S
10396,West Building,M-106,1,West Sculpture Hall,W
10397,West Building,M-100,1,West Stair Lobby,
10398,West Building,M-100,1,West Stair Lobby,E
10399,West Building,M-100,1,West Stair Lobby,S
10400,West Building,M-100,1,West Stair Lobby,W
10408,West Building,M-121,1,North Stair Landing West,W
10492,West Building,M-065,1,West Main Floor Gallery 65,CENTER
10546,West Building,G-018,1,West Ground Floor Gallery 18,CENTER
10597,West Building,G-013,1,West Ground Floor Gallery 13,CENTER
10665,West Building,M-138,1,East Stair Lobby,N
12473,West Building,M-138,1,East Stair Lobby,E
12479,West Building,M-137,1,"West Bldg, Lobby D",S
12574,West Building,M-127,1,North Stair Landing East,W
12577,West Building,M-121,1,North Stair Landing West,E
13113,East Building,EU-407-B,1,"East Bldg, Upr Lvl Gal 407B (North Bridge)",
13188,East Building,EU-407-B,1,"East Bldg, Upr Lvl Gal 407B (North Bridge)",W
13190,East Building,EU-407-B,1,"East Bldg, Upr Lvl Gal 407B (North Bridge)",N
13192,East Building,EU-407-B,1,"East Bldg, Upr Lvl Gal 407B (North Bridge)",CENTER
13193,East Building,EU-407-B,1,"East Bldg, Upr Lvl Gal 407B (North Bridge)",E
13194,East Building,EU-407-B,1,"East Bldg, Upr Lvl Gal 407B (North Bridge)",S
13333,West Building,M-090,1,West Main Floor Gallery 90,FLOOR
13357,West Building,M-008,1,West Main Floor Gallery 8,BAFFLE
13584,West Building,M-055,1,West Main Floor Gallery 55,Center
13764,West Building,M-137,1,"West Bldg, Lobby D",CENTER
13815,West Building,G-045,1,West Ground Floor Gallery 45,
13816,West Building,G-045,1,West Ground Floor Gallery 45,E
13817,West Building,G-045,1,West Ground Floor Gallery 45,N
13818,West Building,G-045,1,West Ground Floor Gallery 45,S
13819,West Building,G-045,1,West Ground Floor Gallery 45,W
13967,West Building,M-035,1,West Main Floor Gallery 35,BAFFLE
