locationid,site,room,publicaccess,description,unitposition
3591,East Building,EBL,1,East Bldg Lawn,
3592,East Building,EBL,1,East Bldg Lawn,E
3593,East Building,EBL,1,East Bldg Lawn,S
3594,East Building,EBL,1,East Bldg Lawn,W
8678,West Building,M-085,1,West Main Floor Gallery 85,
8679,West Building,M-085,1,West Main Floor Gallery 85,E
8680,West Building,M-085,1,West Main Floor Gallery 85,N
8681,West Building,M-085,1,West Main Floor Gallery 85,S
8682,West Building,M-085,1,West Main Floor Gallery 85,W
8779,West Building,WBL,1,West Bldg Lawn,
8783,West Building,WSG,1,Sculpture Garden,
13113,East Building,EU-407-B,1,"East Bldg, Upr Lvl Gal 407B (North Bridge)",
13188,East Building,EU-407-B,1,"East Bldg, Upr Lvl Gal 407B (North Bridge)",W
13190,East Building,EU-407-B,1,"East Bldg, Upr Lvl Gal 407B (North Bridge)",N
13192,East Building,EU-407-B,1,"East Bldg, Upr Lvl Gal 407B (North Bridge)",CENTER
13193,East Building,EU-407-B,1,"East Bldg, Upr Lvl Gal 407B (North Bridge)",E
13194,East Building,EU-407-B,1,"East Bldg, Upr Lvl Gal 407B (North Bridge)",S
